时间,腔ID,腔位置,输入相位,腔相位,单腔相移,目标相位-累计相移,目标相位-单腔相移,目标相位,单腔相移误差,累计相移误差,校准频率(MHz),湿度(%),气压(Pa),腔温(℃),气温(℃),真空频率(MHz),工作温度(℃)
21:34.6,1,-150,0,123,237,120,120,120,0,0,2998.897645,22,1000,25,25,2998.74,30
21:42.2,2,-200,0,345,138,-120,-117,-118.5,0,0,2998.897645,22,1000,25,25,2998.74,30
21:51.6,3,-250,0,456,249,0,105,52.5,0,0,2998.897645,22,1000,25,25,2998.74,30
21:57.8,4,-300,0,456,None,None,None,None,None,None,2998.897645,22,1000,25,25,2998.74,30
21:58.5,5,-350,0,456,None,None,None,None,None,None,2998.897645,22,1000,25,25,2998.74,30
